id,created_utc,year,subreddit,sentiment
kx4b32,1610625565,2021,antiwork,dissatisfaction
lwp19v,1614760350,2021,antiwork,dissatisfaction
lyf62f,1614960550,2021,antiwork,dissatisfaction
m32djq,1615501254,2021,antiwork,dissatisfaction
m74e06,1615998760,2021,antiwork,dissatisfaction
mkedvy,1617604479,2021,antiwork,dissatisfaction
mw61z5,1619101892,2021,antiwork,dissatisfaction
n6c3u7,1620320695,2021,antiwork,dissatisfaction
o4pcx8,1624259085,2021,antiwork,dissatisfaction
oo3by6,1626791976,2021,antiwork,dissatisfaction
ou7iqy,1627596498,2021,antiwork,dissatisfaction
p0sg9z,1628476254,2021,antiwork,dissatisfaction
p9vo78,1629708107,2021,antiwork,dissatisfaction
pihjoh,1630863620,2021,antiwork,dissatisfaction
pjjslf,1631007635,2021,antiwork,dissatisfaction
ppkcsr,1631820944,2021,antiwork,satisfaction
psi719,1632229085,2021,antiwork,dissatisfaction
pvvv5a,1632669529,2021,antiwork,dissatisfaction
pyh3t8,1632998185,2021,antiwork,dissatisfaction
q251vh,1633466306,2021,antiwork,dissatisfaction
q3kjpk,1633646514,2021,antiwork,dissatisfaction
q839dz,1634228963,2021,antiwork,dissatisfaction
q8v9md,1634325062,2021,antiwork,dissatisfaction
qdcfl0,1634891325,2021,antiwork,satisfaction
qdhkd7,1634911224,2021,antiwork,dissatisfaction
qdlw1g,1634923797,2021,antiwork,dissatisfaction
qf599o,1635122710,2021,antiwork,dissatisfaction
qg17r0,1635233764,2021,antiwork,dissatisfaction
qg6uua,1635256277,2021,antiwork,dissatisfaction
qgc6gt,1635271178,2021,antiwork,dissatisfaction
qgr0f3,1635319425,2021,antiwork,dissatisfaction
qgtf5a,1635329885,2021,antiwork,dissatisfaction
qh6pnw,1635369064,2021,antiwork,dissatisfaction
qhju4t,1635416311,2021,antiwork,dissatisfaction
qhwzgw,1635456298,2021,antiwork,dissatisfaction
qhzkmi,1635464368,2021,antiwork,dissatisfaction
qi8bnl,1635496985,2021,antiwork,dissatisfaction
qi987c,1635501097,2021,antiwork,dissatisfaction
qirdk2,1635558356,2021,antiwork,dissatisfaction
qj02x1,1635595331,2021,antiwork,dissatisfaction
qki77m,1635785488,2021,antiwork,dissatisfaction
qkktkp,1635792675,2021,antiwork,dissatisfaction
qkwpjg,1635828661,2021,antiwork,dissatisfaction
qlpz99,1635927838,2021,antiwork,satisfaction
qls4vp,1635937848,2021,antiwork,dissatisfaction
qmrjnj,1636051656,2021,antiwork,dissatisfaction
qn39lk,1636086550,2021,antiwork,dissatisfaction
qn9ndf,1636113887,2021,antiwork,dissatisfaction
qokjrf,1636274616,2021,antiwork,dissatisfaction
qon2gh,1636286198,2021,antiwork,dissatisfaction
qpkjuo,1636398139,2021,antiwork,dissatisfaction
qq2dyp,1636460087,2021,antiwork,dissatisfaction
qqtjqe,1636548097,2021,antiwork,dissatisfaction
qqvvhn,1636555181,2021,antiwork,dissatisfaction
qrg9qz,1636617602,2021,antiwork,satisfaction
qrikwq,1636627375,2021,antiwork,dissatisfaction
qsy522,1636797554,2021,antiwork,dissatisfaction
qv6d05,1637064371,2021,antiwork,dissatisfaction
qv9byh,1637073881,2021,antiwork,dissatisfaction
qvfjdr,1637090057,2021,antiwork,dissatisfaction
qvxdg0,1637148939,2021,antiwork,dissatisfaction
qvxgpt,1637149312,2021,antiwork,dissatisfaction
qwrui4,1637248377,2021,antiwork,dissatisfaction
qxj1md,1637337049,2021,antiwork,dissatisfaction
qy15hb,1637396314,2021,antiwork,dissatisfaction
qyehiw,1637441413,2021,antiwork,dissatisfaction
r0nj4m,1637702261,2021,antiwork,dissatisfaction
r0wkjq,1637728708,2021,antiwork,dissatisfaction
r1yi9j,1637852705,2021,antiwork,dissatisfaction
r4wg9c,1638194429,2021,antiwork,dissatisfaction
r5gg0b,1638252297,2021,antiwork,dissatisfaction
r6vzcb,1638411031,2021,antiwork,dissatisfaction
r7xkuy,1638532693,2021,antiwork,dissatisfaction
r8mxp3,1638613827,2021,antiwork,dissatisfaction
r8trnf,1638636851,2021,antiwork,dissatisfaction
r9fal1,1638709396,2021,antiwork,dissatisfaction
r9ls1l,1638728633,2021,antiwork,dissatisfaction
r9vhwh,1638755655,2021,antiwork,dissatisfaction
r9yj3v,1638764907,2021,antiwork,dissatisfaction
rb28at,1638892618,2021,antiwork,dissatisfaction
rc8nju,1639020872,2021,antiwork,dissatisfaction
rcacru,1639026575,2021,antiwork,satisfaction
rcj9mn,1639061518,2021,antiwork,dissatisfaction
rckq2q,1639065812,2021,antiwork,dissatisfaction
rcrjlz,1639084757,2021,antiwork,dissatisfaction
rcrwxg,1639085776,2021,antiwork,dissatisfaction
rd2ceu,1639117820,2021,antiwork,dissatisfaction
rd3ukn,1639123773,2021,antiwork,satisfaction
rd9nns,1639145956,2021,antiwork,dissatisfaction
rddcep,1639156217,2021,antiwork,dissatisfaction
rdnltu,1639184403,2021,antiwork,dissatisfaction
rg3dg3,1639472147,2021,antiwork,dissatisfaction
rg4i66,1639476974,2021,antiwork,dissatisfaction
rgjcv9,1639521651,2021,antiwork,satisfaction
rhsgyz,1639666816,2021,antiwork,dissatisfaction
ri1uuj,1639693344,2021,antiwork,dissatisfaction
rj8irt,1639837424,2021,antiwork,dissatisfaction
rk2qtn,1639939048,2021,antiwork,dissatisfaction
rk52dt,1639945936,2021,antiwork,satisfaction
rlkohm,1640110753,2021,antiwork,dissatisfaction
rm4x4n,1640178519,2021,antiwork,dissatisfaction
rm8nc9,1640190044,2021,antiwork,dissatisfaction
rma1mb,1640193889,2021,antiwork,dissatisfaction
rmiplc,1640218673,2021,antiwork,dissatisfaction
robia8,1640445423,2021,antiwork,satisfaction
rpk4tj,1640599047,2021,antiwork,dissatisfaction
rpsay6,1640625695,2021,antiwork,dissatisfaction
rq1260,1640649358,2021,antiwork,dissatisfaction
rqp9sq,1640724446,2021,antiwork,dissatisfaction
rrhk5w,1640809031,2021,antiwork,dissatisfaction
rs4dcg,1640878190,2021,antiwork,dissatisfaction
rshl2g,1640913312,2021,antiwork,dissatisfaction
rstt10,1640956924,2021,antiwork,satisfaction
rsx1vo,1640966754,2021,antiwork,dissatisfaction
lufkgi,1614517452,2021,AskHR,dissatisfaction
lvih36,1614627805,2021,AskHR,dissatisfaction
m1h7ae,1615326306,2021,AskHR,dissatisfaction
n1w6s1,1619796266,2021,AskHR,dissatisfaction
o1wde0,1623933899,2021,AskHR,satisfaction
ojmz2q,1626204550,2021,AskHR,dissatisfaction
oour2e,1626888700,2021,AskHR,dissatisfaction
ou4bby,1627586536,2021,AskHR,dissatisfaction
r5t2ex,1638294906,2021,AskHR,dissatisfaction
krp83d,1609944422,2021,AskUK,dissatisfaction
ksb25e,1610017170,2021,AskUK,dissatisfaction
ktb0v0,1610137777,2021,AskUK,satisfaction
kx4f8a,1610626038,2021,AskUK,dissatisfaction
kzcrho,1610910865,2021,AskUK,dissatisfaction
kzsn8c,1610968027,2021,AskUK,satisfaction
l1wt1n,1611229023,2021,AskUK,dissatisfaction
l4pkts,1611587071,2021,AskUK,dissatisfaction
l62uu1,1611748098,2021,AskUK,dissatisfaction
l7nrdu,1611910148,2021,AskUK,dissatisfaction
lafysn,1612218085,2021,AskUK,dissatisfaction
lezmsf,1612743887,2021,AskUK,dissatisfaction
lj9id3,1613251061,2021,AskUK,dissatisfaction
lw0iuq,1614686894,2021,AskUK,dissatisfaction
m28ou5,1615410748,2021,AskUK,dissatisfaction
m6a1im,1615904170,2021,AskUK,dissatisfaction
m7oikm,1616065930,2021,AskUK,dissatisfaction
maiv39,1616403296,2021,AskUK,dissatisfaction
mbbuyg,1616496081,2021,AskUK,dissatisfaction
mc1ew7,1616577561,2021,AskUK,dissatisfaction
mkg1op,1617612171,2021,AskUK,dissatisfaction
mly5gu,1617786904,2021,AskUK,dissatisfaction
mowk9j,1618166510,2021,AskUK,dissatisfaction
mp8zl5,1618213006,2021,AskUK,dissatisfaction
mpa74h,1618219196,2021,AskUK,dissatisfaction
mqpo55,1618403870,2021,AskUK,dissatisfaction
mz6d97,1619466828,2021,AskUK,dissatisfaction
n75pbm,1620412998,2021,AskUK,satisfaction
n7vu85,1620499948,2021,AskUK,dissatisfaction
n8azmm,1620553850,2021,AskUK,dissatisfaction
ner0gd,1621283485,2021,AskUK,dissatisfaction
nf8669,1621337109,2021,AskUK,dissatisfaction
nfaj7j,1621343961,2021,AskUK,dissatisfaction
nif8jj,1621677390,2021,AskUK,dissatisfaction
nljyu0,1622043510,2021,AskUK,dissatisfaction
nn0l4p,1622216449,2021,AskUK,dissatisfaction
nqhuap,1622626272,2021,AskUK,dissatisfaction
nqju8g,1622634064,2021,AskUK,dissatisfaction
ntn9sk,1622990567,2021,AskUK,dissatisfaction
nw21p9,1623261468,2021,AskUK,dissatisfaction
nw22ji,1623261528,2021,AskUK,dissatisfaction
o0qflr,1623796508,2021,AskUK,satisfaction
o115m4,1623837005,2021,AskUK,satisfaction
o18fm3,1623859731,2021,AskUK,dissatisfaction
o1hcwf,1623882402,2021,AskUK,dissatisfaction
o2lqn6,1624011170,2021,AskUK,dissatisfaction
o2pdev,1624023724,2021,AskUK,dissatisfaction
o2rb8k,1624029082,2021,AskUK,dissatisfaction
o4idj5,1624233534,2021,AskUK,dissatisfaction
o5se0d,1624382703,2021,AskUK,dissatisfaction
o73vpe,1624550533,2021,AskUK,dissatisfaction
o7mc7s,1624622666,2021,AskUK,dissatisfaction
o89gv2,1624708872,2021,AskUK,dissatisfaction
o8tqui,1624785834,2021,AskUK,dissatisfaction
o8wwk5,1624799788,2021,AskUK,dissatisfaction
o99lo3,1624841703,2021,AskUK,dissatisfaction
o9emsu,1624862062,2021,AskUK,dissatisfaction
oac27u,1624984951,2021,AskUK,satisfaction
octxhv,1625300317,2021,AskUK,dissatisfaction
od4t8w,1625341041,2021,AskUK,dissatisfaction
oerxsl,1625565881,2021,AskUK,satisfaction
oevfbz,1625579773,2021,AskUK,dissatisfaction
offwz2,1625652348,2021,AskUK,dissatisfaction
og5ebe,1625744185,2021,AskUK,dissatisfaction
oh2c86,1625857539,2021,AskUK,dissatisfaction
ois6ae,1626099494,2021,AskUK,dissatisfaction
ok1gdb,1626258076,2021,AskUK,dissatisfaction
ol6rpb,1626399420,2021,AskUK,dissatisfaction
omxaof,1626635957,2021,AskUK,dissatisfaction
oo8585,1626806231,2021,AskUK,dissatisfaction
opcnml,1626956240,2021,AskUK,dissatisfaction
oq5o5l,1627056773,2021,AskUK,dissatisfaction
oqvtn8,1627152568,2021,AskUK,dissatisfaction
or2jrj,1627177132,2021,AskUK,dissatisfaction
os7sox,1627332699,2021,AskUK,dissatisfaction
osj9wd,1627376879,2021,AskUK,dissatisfaction
oupinj,1627667356,2021,AskUK,dissatisfaction
oupj9v,1627667410,2021,AskUK,dissatisfaction
oxy3nr,1628099220,2021,AskUK,dissatisfaction
oyf8ct,1628161371,2021,AskUK,dissatisfaction
oyhpz7,1628170656,2021,AskUK,dissatisfaction
oysett,1628199266,2021,AskUK,dissatisfaction
ozo6m4,1628317758,2021,AskUK,dissatisfaction
ozqcu6,1628329274,2021,AskUK,dissatisfaction
ozzfsf,1628363745,2021,AskUK,dissatisfaction
p1odbn,1628599212,2021,AskUK,dissatisfaction
p1ogul,1628599590,2021,AskUK,dissatisfaction
p2aqoh,1628679446,2021,AskUK,satisfaction
p2e417,1628691946,2021,AskUK,dissatisfaction
p2ikgl,1628705232,2021,AskUK,dissatisfaction
p2ky1d,1628712326,2021,AskUK,satisfaction
p3osyf,1628872675,2021,AskUK,dissatisfaction
p4xhav,1629047551,2021,AskUK,dissatisfaction
p4yw2c,1629052059,2021,AskUK,dissatisfaction
p84zie,1629465391,2021,AskUK,dissatisfaction
p9v2nd,1629705099,2021,AskUK,dissatisfaction
pateat,1629830386,2021,AskUK,dissatisfaction
paubxx,1629833162,2021,AskUK,dissatisfaction
pbnw4v,1629936458,2021,AskUK,dissatisfaction
pcj217,1630051892,2021,AskUK,dissatisfaction
pcnop3,1630072014,2021,AskUK,dissatisfaction
pdfao6,1630175777,2021,AskUK,dissatisfaction
peft0p,1630321215,2021,AskUK,dissatisfaction
pepkhd,1630352693,2021,AskUK,dissatisfaction
pgq465,1630614728,2021,AskUK,satisfaction
pi8k4q,1630826631,2021,AskUK,satisfaction
pivrhm,1630918824,2021,AskUK,dissatisfaction
pj3hy6,1630947748,2021,AskUK,satisfaction
pjmvyo,1631020676,2021,AskUK,dissatisfaction
pkbrnu,1631111827,2021,AskUK,dissatisfaction
plaa3a,1631233882,2021,AskUK,dissatisfaction
pnbsht,1631523997,2021,AskUK,satisfaction
pnzvns,1631614159,2021,AskUK,dissatisfaction
pomxlq,1631699200,2021,AskUK,dissatisfaction
ppjmtx,1631818755,2021,AskUK,dissatisfaction
pra866,1632065864,2021,AskUK,dissatisfaction
prh3i0,1632087452,2021,AskUK,satisfaction
prs6ao,1632134263,2021,AskUK,dissatisfaction
pse2rr,1632210215,2021,AskUK,dissatisfaction
psxh1r,1632275957,2021,AskUK,satisfaction
pt2ucw,1632298030,2021,AskUK,dissatisfaction
pulfyr,1632495146,2021,AskUK,dissatisfaction
pv213d,1632555038,2021,AskUK,dissatisfaction
pwd2ol,1632732805,2021,AskUK,dissatisfaction
pwlsph,1632763126,2021,AskUK,dissatisfaction
pxabq4,1632847180,2021,AskUK,dissatisfaction
pyekmc,1632985702,2021,AskUK,dissatisfaction
pyg5z8,1632993779,2021,AskUK,dissatisfaction
pyovy0,1633023801,2021,AskUK,dissatisfaction
q1y8d5,1633446446,2021,AskUK,dissatisfaction
q24wym,1633465901,2021,AskUK,dissatisfaction
q6u89c,1634068393,2021,AskUK,dissatisfaction
qajqor,1634552014,2021,AskUK,dissatisfaction
qb56s3,1634622997,2021,AskUK,satisfaction
qba9vj,1634645773,2021,AskUK,dissatisfaction
qbp5nj,1634690852,2021,AskUK,satisfaction
qcvwg5,1634834483,2021,AskUK,dissatisfaction
qcwh3q,1634836116,2021,AskUK,dissatisfaction
qd0ou7,1634848163,2021,AskUK,dissatisfaction
qe7i1r,1635004617,2021,AskUK,dissatisfaction
qfal8r,1635143105,2021,AskUK,dissatisfaction
qg12yn,1635233120,2021,AskUK,dissatisfaction
qg9bm7,1635263259,2021,AskUK,dissatisfaction
qgiowu,1635289475,2021,AskUK,dissatisfaction
qh6hrh,1635368468,2021,AskUK,dissatisfaction
qhy4ts,1635459767,2021,AskUK,dissatisfaction
qixwvj,1635586009,2021,AskUK,dissatisfaction
qlq7gw,1635928902,2021,AskUK,dissatisfaction
qlzpqc,1635960973,2021,AskUK,dissatisfaction
qm772e,1635981865,2021,AskUK,dissatisfaction
qmjizd,1636029131,2021,AskUK,dissatisfaction
qmx22i,1636066541,2021,AskUK,dissatisfaction
qnahdf,1636116868,2021,AskUK,dissatisfaction
qqudv5,1636550715,2021,AskUK,dissatisfaction
qrvm05,1636666404,2021,AskUK,dissatisfaction
qto47o,1636890037,2021,AskUK,dissatisfaction
qtt3zs,1636906535,2021,AskUK,satisfaction
qv2hjl,1637048259,2021,AskUK,dissatisfaction
qv4zug,1637058952,2021,AskUK,dissatisfaction
qv6zwf,1637066732,2021,AskUK,dissatisfaction
qvtlrn,1637132937,2021,AskUK,dissatisfaction
qw5f5o,1637173107,2021,AskUK,satisfaction
qx46dq,1637283000,2021,AskUK,dissatisfaction
qylilt,1637463649,2021,AskUK,dissatisfaction
qzmft9,1637590775,2021,AskUK,dissatisfaction
r3b2ri,1638009766,2021,AskUK,dissatisfaction
r6qjur,1638396280,2021,AskUK,dissatisfaction
r71ta5,1638429717,2021,AskUK,dissatisfaction
r8q568,1638626094,2021,AskUK,dissatisfaction
ra80fb,1638799436,2021,AskUK,dissatisfaction
ravqak,1638871091,2021,AskUK,dissatisfaction
rbqn1x,1638967768,2021,AskUK,dissatisfaction
rbrwtd,1638971847,2021,AskUK,dissatisfaction
rchkot,1639056160,2021,AskUK,dissatisfaction
rddgpz,1639156532,2021,AskUK,dissatisfaction
ren9pi,1639308814,2021,AskUK,dissatisfaction
rg9qkt,1639495210,2021,AskUK,dissatisfaction
riwx8l,1639793624,2021,AskUK,dissatisfaction
rksu11,1640022378,2021,AskUK,dissatisfaction
rlbpey,1640081889,2021,AskUK,dissatisfaction
rljyns,1640108748,2021,AskUK,dissatisfaction
rostb5,1640507151,2021,AskUK,satisfaction
rpvw4a,1640635234,2021,AskUK,dissatisfaction
rqo7zp,1640721582,2021,AskUK,dissatisfaction
rqpchc,1640724638,2021,AskUK,satisfaction
rs2vtg,1640874021,2021,AskUK,dissatisfaction
rsfwlv,1640908276,2021,AskUK,dissatisfaction
ldvjei,1612608983,2021,britishproblems,dissatisfaction
lnevfr,1613738227,2021,britishproblems,dissatisfaction
mxjpur,1619269955,2021,britishproblems,dissatisfaction
nyu3kv,1623582750,2021,britishproblems,dissatisfaction
o2i924,1623996602,2021,britishproblems,dissatisfaction
o6ftoa,1624464158,2021,britishproblems,satisfaction
oquzzy,1627149826,2021,britishproblems,dissatisfaction
os6xur,1627330193,2021,britishproblems,dissatisfaction
pj0k4s,1630938816,2021,britishproblems,dissatisfaction
rhwrlt,1639679115,2021,britishproblems,dissatisfaction
rjap56,1639844172,2021,britishproblems,dissatisfaction
ksgeha,1610035942,2021,careerguidance,dissatisfaction
kystql,1610835697,2021,careerguidance,satisfaction
l0rwtz,1611086620,2021,careerguidance,dissatisfaction
ldnlaa,1612577767,2021,careerguidance,dissatisfaction
lmgon6,1613632589,2021,careerguidance,dissatisfaction
lwtcig,1614776497,2021,careerguidance,dissatisfaction
m2zgvi,1615493249,2021,careerguidance,dissatisfaction
m6ht4k,1615924524,2021,careerguidance,dissatisfaction
mal1rd,1616411768,2021,careerguidance,satisfaction
mgk34v,1617122153,2021,careerguidance,satisfaction
mjdda5,1617471903,2021,careerguidance,dissatisfaction
mojdgx,1618111631,2021,careerguidance,dissatisfaction
mvr4v2,1619044124,2021,careerguidance,dissatisfaction
myake6,1619364548,2021,careerguidance,dissatisfaction
myh2db,1619383153,2021,careerguidance,satisfaction
mzjnx5,1619511669,2021,careerguidance,dissatisfaction
n6pume,1620360154,2021,careerguidance,dissatisfaction
nc6mkn,1620992651,2021,careerguidance,dissatisfaction
nm3ow4,1622108054,2021,careerguidance,dissatisfaction
nn1l06,1622219192,2021,careerguidance,dissatisfaction
ns2uiz,1622806039,2021,careerguidance,dissatisfaction
nxlh20,1623432619,2021,careerguidance,dissatisfaction
nxndz5,1623437705,2021,careerguidance,dissatisfaction
o07bea,1623737318,2021,careerguidance,dissatisfaction
o2jh1s,1624001663,2021,careerguidance,satisfaction
o2li27,1624010185,2021,careerguidance,dissatisfaction
o2vvhx,1624038556,2021,careerguidance,dissatisfaction
o3ob9c,1624132170,2021,careerguidance,dissatisfaction
o8clp5,1624720236,2021,careerguidance,dissatisfaction
ocvke1,1625308323,2021,careerguidance,satisfaction
og3ipf,1625735290,2021,careerguidance,satisfaction
oivqk6,1626110080,2021,careerguidance,satisfaction
ojg014,1626184280,2021,careerguidance,dissatisfaction
olf97z,1626436008,2021,careerguidance,satisfaction
on0qmd,1626646552,2021,careerguidance,dissatisfaction
one9ft,1626702027,2021,careerguidance,dissatisfaction
onv9td,1626757004,2021,careerguidance,dissatisfaction
oqugsr,1627148051,2021,careerguidance,dissatisfaction
osih60,1627372718,2021,careerguidance,satisfaction
ots63a,1627540806,2021,careerguidance,dissatisfaction
ou8fya,1627599577,2021,careerguidance,dissatisfaction
ou8rp7,1627600662,2021,careerguidance,dissatisfaction
ovik2y,1627778757,2021,careerguidance,dissatisfaction
p0ms9j,1628456113,2021,careerguidance,dissatisfaction
p942e8,1629598118,2021,careerguidance,dissatisfaction
p98aoe,1629617780,2021,careerguidance,satisfaction
pal7tk,1629803584,2021,careerguidance,satisfaction
pfz9du,1630518988,2021,careerguidance,dissatisfaction
pibo04,1630842442,2021,careerguidance,dissatisfaction
poy9qv,1631737739,2021,careerguidance,dissatisfaction
ptgsnb,1632346893,2021,careerguidance,dissatisfaction
pv39ef,1632561142,2021,careerguidance,satisfaction
q761hf,1634110317,2021,careerguidance,dissatisfaction
q777uu,1634116095,2021,careerguidance,dissatisfaction
q7hvwd,1634151063,2021,careerguidance,dissatisfaction
qajwip,1634552768,2021,careerguidance,dissatisfaction
qcp58i,1634813766,2021,careerguidance,dissatisfaction
qdj2mf,1634915698,2021,careerguidance,dissatisfaction
qgugp8,1635333934,2021,careerguidance,dissatisfaction
qk0s04,1635720884,2021,careerguidance,dissatisfaction
qnyxm4,1636200549,2021,careerguidance,dissatisfaction
qyrlvm,1637487557,2021,careerguidance,satisfaction
qzsr20,1637607389,2021,careerguidance,dissatisfaction
re0ex9,1639231383,2021,careerguidance,dissatisfaction
rhzp6m,1639687303,2021,careerguidance,satisfaction
rniniu,1640337649,2021,careerguidance,dissatisfaction
kq7hys,1609762124,2021,CasualUK,dissatisfaction
kzdj5e,1610913170,2021,CasualUK,satisfaction
l0imz6,1611058222,2021,CasualUK,dissatisfaction
l7p56g,1611915439,2021,CasualUK,dissatisfaction
lcvi5q,1612487248,2021,CasualUK,dissatisfaction
lx2rqm,1614801237,2021,CasualUK,dissatisfaction
m9avn3,1616258935,2021,CasualUK,dissatisfaction
m9t9h8,1616319658,2021,CasualUK,dissatisfaction
mozvsd,1618176615,2021,CasualUK,satisfaction
mq7v7w,1618337049,2021,CasualUK,dissatisfaction
mqavyz,1618345837,2021,CasualUK,dissatisfaction
n9ep91,1620677242,2021,CasualUK,satisfaction
npcho3,1622492660,2021,CasualUK,dissatisfaction
nxvwws,1623463195,2021,CasualUK,dissatisfaction
o5ki6k,1624360065,2021,CasualUK,dissatisfaction
onlrpn,1626724357,2021,CasualUK,dissatisfaction
p8e4zk,1629494049,2021,CasualUK,dissatisfaction
pt4xgq,1632307753,2021,CasualUK,dissatisfaction
pth2v3,1632348812,2021,CasualUK,dissatisfaction
pyg46i,1632993535,2021,CasualUK,dissatisfaction
q42loc,1633714425,2021,CasualUK,dissatisfaction
q7xdqy,1634209375,2021,CasualUK,satisfaction
qbjxv1,1634674600,2021,CasualUK,dissatisfaction
qegxtz,1635034522,2021,CasualUK,dissatisfaction
qthk87,1636862565,2021,CasualUK,dissatisfaction
r3ltch,1638043932,2021,CasualUK,dissatisfaction
r9p3vi,1638737564,2021,CasualUK,dissatisfaction
raiebv,1638826485,2021,CasualUK,dissatisfaction
rcijs4,1639059319,2021,CasualUK,dissatisfaction
rfvvut,1639445988,2021,CasualUK,dissatisfaction
ribft6,1639723930,2021,CasualUK,dissatisfaction
rifp47,1639741559,2021,CasualUK,dissatisfaction
rjbaoo,1639845920,2021,CasualUK,dissatisfaction
kyaieh,1610766077,2021,recruitinghell,satisfaction
l7jv2z,1611896519,2021,recruitinghell,dissatisfaction
lpqf01,1614006885,2021,recruitinghell,dissatisfaction
m79m81,1616012363,2021,recruitinghell,dissatisfaction
mvpbj7,1619038810,2021,recruitinghell,dissatisfaction
ns8h1o,1622822248,2021,recruitinghell,dissatisfaction
nvxzfa,1623250870,2021,recruitinghell,dissatisfaction
nzrawv,1623689683,2021,recruitinghell,dissatisfaction
o1ww22,1623935459,2021,recruitinghell,dissatisfaction
oxo77e,1628065606,2021,recruitinghell,dissatisfaction
pfy2at,1630515501,2021,recruitinghell,dissatisfaction
pj645z,1630955159,2021,recruitinghell,dissatisfaction
pvvrwk,1632669254,2021,recruitinghell,dissatisfaction
qndqxh,1636126614,2021,recruitinghell,dissatisfaction
r3wvxx,1638077585,2021,recruitinghell,dissatisfaction
r8o6xp,1638619004,2021,recruitinghell,dissatisfaction
rb1e3v,1638890165,2021,recruitinghell,dissatisfaction
kv5wee,1610382049,2021,UKJobs,dissatisfaction
kx62b4,1610632530,2021,UKJobs,dissatisfaction
kx6iib,1610634070,2021,UKJobs,dissatisfaction
ky1ktm,1610738183,2021,UKJobs,dissatisfaction
kzruu8,1610964458,2021,UKJobs,satisfaction
la5d9e,1612192621,2021,UKJobs,dissatisfaction
lezwkv,1612744788,2021,UKJobs,dissatisfaction
lg6h4h,1612886610,2021,UKJobs,dissatisfaction
lkhu5j,1613408574,2021,UKJobs,satisfaction
llwiot,1613574457,2021,UKJobs,satisfaction
ln51fh,1613703925,2021,UKJobs,dissatisfaction
lngq8v,1613743799,2021,UKJobs,dissatisfaction
lrnnlh,1614202013,2021,UKJobs,satisfaction
ltpgtn,1614436843,2021,UKJobs,dissatisfaction
lu0gmx,1614469923,2021,UKJobs,dissatisfaction
lwqj0y,1614766532,2021,UKJobs,dissatisfaction
lws02u,1614771967,2021,UKJobs,dissatisfaction
lye8ze,1614958006,2021,UKJobs,dissatisfaction
lyxy7m,1615021926,2021,UKJobs,dissatisfaction
lzu86s,1615135087,2021,UKJobs,dissatisfaction
m26lae,1615405619,2021,UKJobs,dissatisfaction
m6hsad,1615924461,2021,UKJobs,dissatisfaction
m6w7wi,1615972010,2021,UKJobs,dissatisfaction
m8709z,1616120363,2021,UKJobs,dissatisfaction
mehcwv,1616863069,2021,UKJobs,dissatisfaction
mkpvrh,1617643335,2021,UKJobs,dissatisfaction
mksokt,1617650770,2021,UKJobs,dissatisfaction
mlx5h7,1617782114,2021,UKJobs,dissatisfaction
mmvecr,1617898926,2021,UKJobs,dissatisfaction
mmy1e3,1617906164,2021,UKJobs,dissatisfaction
mu4qkt,1618850568,2021,UKJobs,dissatisfaction
mvpcr2,1619038900,2021,UKJobs,dissatisfaction
mwcqjd,1619119972,2021,UKJobs,dissatisfaction
myusfv,1619433699,2021,UKJobs,dissatisfaction
mzpphe,1619533772,2021,UKJobs,satisfaction
n3z0z7,1620055880,2021,UKJobs,dissatisfaction
n4ja0c,1620116883,2021,UKJobs,dissatisfaction
n4zvce,1620166449,2021,UKJobs,dissatisfaction
n5oqp5,1620243992,2021,UKJobs,dissatisfaction
n6ydsf,1620393751,2021,UKJobs,dissatisfaction
n9e9o3,1620676187,2021,UKJobs,dissatisfaction
n9j9do,1620689379,2021,UKJobs,dissatisfaction
na9akh,1620771261,2021,UKJobs,dissatisfaction
nceg7x,1621014254,2021,UKJobs,dissatisfaction
ndpxfm,1621176574,2021,UKJobs,dissatisfaction
nee9sq,1621252657,2021,UKJobs,dissatisfaction
nemzri,1621274033,2021,UKJobs,dissatisfaction
nhagt3,1621542101,2021,UKJobs,dissatisfaction
nk4tvp,1621881211,2021,UKJobs,dissatisfaction
nkjzy4,1621928209,2021,UKJobs,dissatisfaction
nlultb,1622072290,2021,UKJobs,dissatisfaction
nmisfs,1622152794,2021,UKJobs,dissatisfaction
nn6fyt,1622232635,2021,UKJobs,dissatisfaction
npoc6p,1622532654,2021,UKJobs,dissatisfaction
nrxeov,1622784239,2021,UKJobs,dissatisfaction
ns38ap,1622807411,2021,UKJobs,satisfaction
ntijzw,1622974301,2021,UKJobs,dissatisfaction
ny1un2,1623485706,2021,UKJobs,dissatisfaction
nyvfik,1623587948,2021,UKJobs,dissatisfaction
nztulj,1623696384,2021,UKJobs,dissatisfaction
o5ndiw,1624369117,2021,UKJobs,satisfaction
o5nsxn,1624370367,2021,UKJobs,dissatisfaction
o75iiu,1624555272,2021,UKJobs,dissatisfaction
o79n5d,1624567535,2021,UKJobs,dissatisfaction
o81507,1624671234,2021,UKJobs,dissatisfaction
o8on03,1624762219,2021,UKJobs,dissatisfaction
o9r8q1,1624907747,2021,UKJobs,dissatisfaction
oc9x5u,1625231895,2021,UKJobs,dissatisfaction
ocf72m,1625247797,2021,UKJobs,satisfaction
od9k14,1625357897,2021,UKJobs,dissatisfaction
oeqvc7,1625560437,2021,UKJobs,dissatisfaction
oev8ls,1625579133,2021,UKJobs,dissatisfaction
ofnla0,1625678607,2021,UKJobs,dissatisfaction
ojhqzj,1626189506,2021,UKJobs,satisfaction
ol0s92,1626379609,2021,UKJobs,dissatisfaction
oldjvz,1626428332,2021,UKJobs,dissatisfaction
on04qc,1626644687,2021,UKJobs,dissatisfaction
opdfei,1626959137,2021,UKJobs,satisfaction
otcud0,1627487989,2021,UKJobs,dissatisfaction
ow9szh,1627889835,2021,UKJobs,satisfaction
oxuqxy,1628089922,2021,UKJobs,dissatisfaction
oyhsgl,1628170881,2021,UKJobs,dissatisfaction
p2hdpp,1628701765,2021,UKJobs,dissatisfaction
p6k8ma,1629261628,2021,UKJobs,dissatisfaction
p6s03e,1629296108,2021,UKJobs,dissatisfaction
p733kh,1629329878,2021,UKJobs,dissatisfaction
p8ucss,1629562863,2021,UKJobs,dissatisfaction
p8ucx7,1629562876,2021,UKJobs,dissatisfaction
pdu0u9,1630238600,2021,UKJobs,dissatisfaction
peq64m,1630354508,2021,UKJobs,dissatisfaction
pevhsk,1630371875,2021,UKJobs,dissatisfaction
ph8ejc,1630685868,2021,UKJobs,satisfaction
phbx3f,1630696844,2021,UKJobs,dissatisfaction
pi28kn,1630798900,2021,UKJobs,dissatisfaction
pjytzl,1631057902,2021,UKJobs,dissatisfaction
pkfhkx,1631123354,2021,UKJobs,satisfaction
pkuts2,1631181812,2021,UKJobs,dissatisfaction
pl344v,1631210703,2021,UKJobs,dissatisfaction
plj8gu,1631273590,2021,UKJobs,dissatisfaction
plq9pd,1631297010,2021,UKJobs,dissatisfaction
pndloz,1631532902,2021,UKJobs,dissatisfaction
pnh0mu,1631544706,2021,UKJobs,dissatisfaction
pp00t7,1631743211,2021,UKJobs,dissatisfaction
ppit9r,1631816202,2021,UKJobs,dissatisfaction
pwowox,1632771978,2021,UKJobs,dissatisfaction
pxr51n,1632904601,2021,UKJobs,satisfaction
q12b0u,1633341261,2021,UKJobs,dissatisfaction
q2wct6,1633563383,2021,UKJobs,dissatisfaction
q3kdfn,1633645920,2021,UKJobs,dissatisfaction
q42zoy,1633715555,2021,UKJobs,dissatisfaction
q6i25k,1634029642,2021,UKJobs,dissatisfaction
q81wvv,1634224931,2021,UKJobs,dissatisfaction
qaigu9,1634545677,2021,UKJobs,dissatisfaction
qdpr4g,1634935162,2021,UKJobs,dissatisfaction
qe2ybe,1634987749,2021,UKJobs,dissatisfaction
qfagvz,1635142555,2021,UKJobs,dissatisfaction
qgyum1,1635347335,2021,UKJobs,dissatisfaction
qi8h7r,1635497721,2021,UKJobs,dissatisfaction
qlc491,1635881386,2021,UKJobs,dissatisfaction
qrkemq,1636634310,2021,UKJobs,dissatisfaction
qtqhtu,1636898731,2021,UKJobs,dissatisfaction
qzrujk,1637605033,2021,UKJobs,dissatisfaction
r2k50q,1637921889,2021,UKJobs,dissatisfaction
r5n2fm,1638278162,2021,UKJobs,dissatisfaction
r5s0co,1638292238,2021,UKJobs,dissatisfaction
r5uy76,1638299786,2021,UKJobs,dissatisfaction
remf62,1639305191,2021,UKJobs,satisfaction
rhdb3p,1639613036,2021,UKJobs,dissatisfaction
rj5m8r,1639826852,2021,UKJobs,dissatisfaction
rj63oj,1639828864,2021,UKJobs,satisfaction
rm6l4v,1640184115,2021,UKJobs,satisfaction
rp9cs2,1640563085,2021,UKJobs,dissatisfaction
rphjue,1640589053,2021,UKJobs,dissatisfaction
rry60h,1640858201,2021,UKJobs,satisfaction
kqycem,1609852846,2021,unitedkingdom,dissatisfaction
l4kx86,1611569094,2021,unitedkingdom,dissatisfaction
l4mtg0,1611577325,2021,unitedkingdom,dissatisfaction
lf9dty,1612781529,2021,unitedkingdom,dissatisfaction
m4fthf,1615670695,2021,unitedkingdom,dissatisfaction
m9acfo,1616257368,2021,unitedkingdom,dissatisfaction
mcxi0r,1616676698,2021,unitedkingdom,dissatisfaction
mfnsqo,1617018615,2021,unitedkingdom,dissatisfaction
mgepcs,1617106717,2021,unitedkingdom,dissatisfaction
o4r4e4,1624266752,2021,unitedkingdom,dissatisfaction
o9f73i,1624864806,2021,unitedkingdom,satisfaction
okww4w,1626368061,2021,unitedkingdom,dissatisfaction
pbzho4,1629984426,2021,unitedkingdom,satisfaction
px2647,1632819221,2021,unitedkingdom,dissatisfaction
qfbg3p,1635147054,2021,unitedkingdom,dissatisfaction
quc3t9,1636966321,2021,unitedkingdom,satisfaction
qvfuzv,1637090862,2021,unitedkingdom,dissatisfaction
ra36bf,1638782152,2021,unitedkingdom,dissatisfaction
